{
  "runs": {
    "dense": {
      "name": "dense",
      "status": "completed",
      "steps_recorded": 12207,
      "final_train_loss": 4.355679512023926,
      "final_train_step": 12207,
      "final_valid_loss": 4.3348614275455475,
      "final_valid_step": 12200,
      "final_valid_ppl": 76.31438308565285,
      "best_valid_loss": 4.297402501106262,
      "best_valid_step": 10360,
      "best_valid_ppl": 73.50860697813587,
      "avg_tokens_per_sec_tail": 10599.693705101154,
      "avg_step_time_s_tail": 0.7729025697335601,
      "max_memory_gb": 9.848196983337402,
      "train_time_s": 9464.527849946171,
      "train_time_h": 2.6290355138739363
    },
    "moe": {
      "name": "moe",
      "status": "completed",
      "steps_recorded": 12207,
      "final_train_loss": 4.286250934004784,
      "final_train_step": 12207,
      "final_valid_loss": 4.296913206577301,
      "final_valid_step": 12200,
      "final_valid_ppl": 73.47264841679097,
      "best_valid_loss": 4.231844514608383,
      "best_valid_step": 11740,
      "best_valid_ppl": 68.84409908040077,
      "avg_tokens_per_sec_tail": 8837.322100904226,
      "avg_step_time_s_tail": 0.9271050871908665,
      "max_memory_gb": 9.607935905456543,
      "train_time_s": 11285.418646156788,
      "train_time_h": 3.13483851282133
    },
    "muon": {
      "name": "muon",
      "status": "completed",
      "steps_recorded": 12207,
      "final_train_loss": 6.065572381019592,
      "final_train_step": 12207,
      "final_valid_loss": 5.843907177448273,
      "final_valid_step": 12200,
      "final_valid_ppl": 345.1251750467383,
      "best_valid_loss": 5.667349189519882,
      "best_valid_step": 12140,
      "best_valid_ppl": 289.26672591535373,
      "avg_tokens_per_sec_tail": 17146.29457286553,
      "avg_step_time_s_tail": 0.47800005165860054,
      "max_memory_gb": 2.3859195709228516,
      "train_time_s": 5845.864977356046,
      "train_time_h": 1.6238513825989018
    }
  },
  "pairwise": {
    "moe_vs_dense": {
      "loss_delta_final_valid": -0.03794822096824646,
      "loss_delta_best_valid": -0.06555798649787903,
      "loss_pct_delta_final_valid": -0.8754194707841726,
      "ppl_delta_final_valid": -2.841734668861875,
      "speed_ratio_tokens_per_sec_tail": 0.833733723517994,
      "time_ratio_train_time": 1.1923910864947134,
      "memory_ratio_max_gb": 0.9756035466910981
    },
    "muon_vs_dense": {
      "loss_delta_final_valid": 1.5090457499027252,
      "loss_delta_best_valid": 1.36994668841362,
      "loss_pct_delta_final_valid": 34.81185673695608,
      "ppl_delta_final_valid": 268.81079196108544,
      "speed_ratio_tokens_per_sec_tail": 1.6176217020887869,
      "time_ratio_train_time": 0.6176604971783451,
      "memory_ratio_max_gb": 0.2422696839796862
    },
    "muon_vs_moe": {
      "loss_delta_final_valid": 1.5469939708709717,
      "loss_delta_best_valid": 1.435504674911499,
      "loss_pct_delta_final_valid": 36.00244865320953,
      "ppl_delta_final_valid": 271.6525266299474,
      "speed_ratio_tokens_per_sec_tail": 1.9402138314174535,
      "time_ratio_train_time": 0.5180016054917764,
      "memory_ratio_max_gb": 0.24832800659794568
    }
  },
  "ranking": {
    "final_valid_loss_asc": [
      "moe",
      "dense",
      "muon"
    ],
    "avg_tokens_per_sec_desc": [
      "muon",
      "dense",
      "moe"
    ],
    "max_memory_gb_asc": [
      "muon",
      "moe",
      "dense"
    ]
  }
}