{
  "baseline": {
    "name": "dense_baseline",
    "status": "completed",
    "steps_recorded": 12207,
    "final_train_loss": 4.355679512023926,
    "final_train_step": 12207,
    "final_valid_loss": 4.3348614275455475,
    "final_valid_step": 12200,
    "final_valid_ppl": 76.31438308565285,
    "best_valid_loss": 4.297402501106262,
    "best_valid_step": 10360,
    "best_valid_ppl": 73.50860697813587,
    "avg_tokens_per_sec_tail": 10599.693705101154,
    "avg_step_time_s_tail": 0.7729025697335601,
    "max_memory_gb": 9.848196983337402,
    "train_time_s": 9464.527849946171,
    "train_time_h": 2.6290355138739363
  },
  "candidate": {
    "name": "moe_hetero5_shared1_small0p5",
    "status": "completed",
    "steps_recorded": 12207,
    "final_train_loss": 4.286250934004784,
    "final_train_step": 12207,
    "final_valid_loss": 4.296913206577301,
    "final_valid_step": 12200,
    "final_valid_ppl": 73.47264841679097,
    "best_valid_loss": 4.231844514608383,
    "best_valid_step": 11740,
    "best_valid_ppl": 68.84409908040077,
    "avg_tokens_per_sec_tail": 8837.322100904226,
    "avg_step_time_s_tail": 0.9271050871908665,
    "max_memory_gb": 9.607935905456543,
    "train_time_s": 11285.418646156788,
    "train_time_h": 3.13483851282133
  },
  "comparison": {
    "loss_delta_final_valid": -0.03794822096824646,
    "loss_delta_best_valid": -0.06555798649787903,
    "loss_pct_delta_final_valid": -0.8754194707841726,
    "ppl_delta_final_valid": -2.841734668861875,
    "speed_ratio_tokens_per_sec_tail": 0.833733723517994,
    "time_ratio_train_time": 1.1923910864947134,
    "memory_ratio_max_gb": 0.9756035466910981
  }
}