{
  "runs": {
    "dense": {
      "name": "dense",
      "status": "completed",
      "steps_recorded": 12207,
      "final_train_loss": 4.355679512023926,
      "final_train_step": 12207,
      "final_valid_loss": 4.3348614275455475,
      "final_valid_step": 12200,
      "final_valid_ppl": 76.31438308565285,
      "best_valid_loss": 4.297402501106262,
      "best_valid_step": 10360,
      "best_valid_ppl": 73.50860697813587,
      "avg_tokens_per_sec_tail": 10599.693705101154,
      "avg_step_time_s_tail": 0.7729025697335601,
      "max_memory_gb": 9.848196983337402,
      "train_time_s": 9464.527849946171,
      "train_time_h": 2.6290355138739363
    },
    "moe": {
      "name": "moe",
      "status": "completed",
      "steps_recorded": 12207,
      "final_train_loss": 4.286250934004784,
      "final_train_step": 12207,
      "final_valid_loss": 4.296913206577301,
      "final_valid_step": 12200,
      "final_valid_ppl": 73.47264841679097,
      "best_valid_loss": 4.231844514608383,
      "best_valid_step": 11740,
      "best_valid_ppl": 68.84409908040077,
      "avg_tokens_per_sec_tail": 8837.322100904226,
      "avg_step_time_s_tail": 0.9271050871908665,
      "max_memory_gb": 9.607935905456543,
      "train_time_s": 11285.418646156788,
      "train_time_h": 3.13483851282133
    },
    "muon": {
      "name": "muon",
      "status": "completed",
      "steps_recorded": 12207,
      "final_train_loss": 6.065572381019592,
      "final_train_step": 12207,
      "final_valid_loss": 5.843907177448273,
      "final_valid_step": 12200,
      "final_valid_ppl": 345.1251750467383,
      "best_valid_loss": 5.667349189519882,
      "best_valid_step": 12140,
      "best_valid_ppl": 289.26672591535373,
      "avg_tokens_per_sec_tail": 17146.29457286553,
      "avg_step_time_s_tail": 0.47800005165860054,
      "max_memory_gb": 2.3859195709228516,
      "train_time_s": 5845.864977356046,
      "train_time_h": 1.6238513825989018
    },
    "mla": {
      "name": "mla",
      "status": "completed",
      "steps_recorded": 12207,
      "final_train_loss": 4.46640682220459,
      "final_train_step": 12207,
      "final_valid_loss": 4.419381111860275,
      "final_valid_step": 12200,
      "final_valid_ppl": 83.04487396347255,
      "best_valid_loss": 4.379022866487503,
      "best_valid_step": 12180,
      "best_valid_ppl": 79.76005908893536,
      "avg_tokens_per_sec_tail": 25849.309643406203,
      "avg_step_time_s_tail": 0.31708926387131214,
      "max_memory_gb": 7.404918670654297,
      "train_time_s": 3874.976140294224,
      "train_time_h": 1.07638226119284
    },
    "mla_moe": {
      "name": "mla_moe",
      "status": "completed",
      "steps_recorded": 12207,
      "final_train_loss": 4.722156662493944,
      "final_train_step": 12207,
      "final_valid_loss": 4.542996287345886,
      "final_valid_step": 12200,
      "final_valid_ppl": 93.97194566437963,
      "best_valid_loss": 4.431345820426941,
      "best_valid_step": 12180,
      "best_valid_ppl": 84.04444956937883,
      "avg_tokens_per_sec_tail": 20022.71408569322,
      "avg_step_time_s_tail": 0.4093112322688103,
      "max_memory_gb": 9.072280406951904,
      "train_time_s": 5019.10506901145,
      "train_time_h": 1.3941958525031806
    }
  },
  "pairwise": {
    "moe_vs_dense": {
      "loss_delta_final_valid": -0.03794822096824646,
      "loss_delta_best_valid": -0.06555798649787903,
      "loss_pct_delta_final_valid": -0.8754194707841726,
      "ppl_delta_final_valid": -2.841734668861875,
      "speed_ratio_tokens_per_sec_tail": 0.833733723517994,
      "time_ratio_train_time": 1.1923910864947134,
      "memory_ratio_max_gb": 0.9756035466910981
    },
    "muon_vs_dense": {
      "loss_delta_final_valid": 1.5090457499027252,
      "loss_delta_best_valid": 1.36994668841362,
      "loss_pct_delta_final_valid": 34.81185673695608,
      "ppl_delta_final_valid": 268.81079196108544,
      "speed_ratio_tokens_per_sec_tail": 1.6176217020887869,
      "time_ratio_train_time": 0.6176604971783451,
      "memory_ratio_max_gb": 0.2422696839796862
    },
    "mla_vs_dense": {
      "loss_delta_final_valid": 0.08451968431472778,
      "loss_delta_best_valid": 0.08162036538124084,
      "loss_pct_delta_final_valid": 1.9497666932939048,
      "ppl_delta_final_valid": 6.730490877819705,
      "speed_ratio_tokens_per_sec_tail": 2.438684584910798,
      "time_ratio_train_time": 0.4094209665531559,
      "memory_ratio_max_gb": 0.7519060273858255
    },
    "mla_moe_vs_dense": {
      "loss_delta_final_valid": 0.20813485980033875,
      "loss_delta_best_valid": 0.1339433193206787,
      "loss_pct_delta_final_valid": 4.801418990645505,
      "ppl_delta_final_valid": 17.657562578726782,
      "speed_ratio_tokens_per_sec_tail": 1.8889898748731948,
      "time_ratio_train_time": 0.5303069681431595,
      "memory_ratio_max_gb": 0.9212123216363051
    },
    "mla_moe_vs_moe": {
      "loss_delta_final_valid": 0.2460830807685852,
      "loss_delta_best_valid": 0.19950130581855774,
      "loss_pct_delta_final_valid": 5.726973502557718,
      "ppl_delta_final_valid": 20.499297247588657,
      "speed_ratio_tokens_per_sec_tail": 2.2656992533569094,
      "time_ratio_train_time": 0.4447424793337808,
      "memory_ratio_max_gb": 0.9442486394814074
    },
    "mla_moe_vs_mla": {
      "loss_delta_final_valid": 0.12361517548561096,
      "loss_delta_best_valid": 0.052322953939437866,
      "loss_pct_delta_final_valid": 2.79711507916494,
      "ppl_delta_final_valid": 10.927071700907078,
      "speed_ratio_tokens_per_sec_tail": 0.7745937652459022,
      "time_ratio_train_time": 1.2952608964013783,
      "memory_ratio_max_gb": 1.2251694867231107
    },
    "mla_moe_vs_muon": {
      "loss_delta_final_valid": -1.3009108901023865,
      "loss_delta_best_valid": -1.2360033690929413,
      "loss_pct_delta_final_valid": -22.260977982720558,
      "ppl_delta_final_valid": -251.1532293823587,
      "speed_ratio_tokens_per_sec_tail": 1.1677575000595,
      "time_ratio_train_time": 0.8585735538629355,
      "memory_ratio_max_gb": 3.8024250764843806
    }
  },
  "ranking": {
    "final_valid_loss_asc": [
      "moe",
      "dense",
      "mla",
      "mla_moe",
      "muon"
    ],
    "avg_tokens_per_sec_desc": [
      "mla",
      "mla_moe",
      "muon",
      "dense",
      "moe"
    ],
    "max_memory_gb_asc": [
      "muon",
      "mla",
      "mla_moe",
      "moe",
      "dense"
    ]
  }
}