{
  "baseline": {
    "name": "dense_baseline",
    "status": "completed",
    "steps_recorded": 12207,
    "final_train_loss": 4.355679512023926,
    "final_train_step": 12207,
    "final_valid_loss": 4.3348614275455475,
    "final_valid_step": 12200,
    "final_valid_ppl": 76.31438308565285,
    "best_valid_loss": 4.297402501106262,
    "best_valid_step": 10360,
    "best_valid_ppl": 73.50860697813587,
    "avg_tokens_per_sec_tail": 10599.693705101154,
    "avg_step_time_s_tail": 0.7729025697335601,
    "max_memory_gb": 9.848196983337402,
    "train_time_s": 9464.527849946171,
    "train_time_h": 2.6290355138739363
  },
  "candidate": {
    "name": "mla_baseline",
    "status": "completed",
    "steps_recorded": 12207,
    "final_train_loss": 4.46640682220459,
    "final_train_step": 12207,
    "final_valid_loss": 4.419381111860275,
    "final_valid_step": 12200,
    "final_valid_ppl": 83.04487396347255,
    "best_valid_loss": 4.379022866487503,
    "best_valid_step": 12180,
    "best_valid_ppl": 79.76005908893536,
    "avg_tokens_per_sec_tail": 25849.309643406203,
    "avg_step_time_s_tail": 0.31708926387131214,
    "max_memory_gb": 7.404918670654297,
    "train_time_s": 3874.976140294224,
    "train_time_h": 1.07638226119284
  },
  "comparison": {
    "loss_delta_final_valid": 0.08451968431472778,
    "loss_delta_best_valid": 0.08162036538124084,
    "loss_pct_delta_final_valid": 1.9497666932939048,
    "ppl_delta_final_valid": 6.730490877819705,
    "speed_ratio_tokens_per_sec_tail": 2.438684584910798,
    "time_ratio_train_time": 0.4094209665531559,
    "memory_ratio_max_gb": 0.7519060273858255
  }
}